SYMBOL,Protein_position,AF_hom,REF,ALT,Gr_score,Location,Chain,Membrane,Matrix,Intermembrane
MT-ND1,67,0.0197795,Thr,Ala,58,matrix,s,192,120,6
MT-ND1,81,0.0223459,Ile,Val,29,membrane,s,192,120,6
MT-ND1,229,0.0114482,Thr,Met,81,membrane,s,192,120,6
MT-ND1,273,0.013275,Ile,Val,29,matrix,s,192,120,6
MT-ND1,304,0.117561,Tyr,His,83,membrane,s,192,120,6
MT-ND2,100,0.0140413,Met,Val,21,membrane,i,233,68,46
MT-ND2,119,0.0477457,Thr,Ala,58,membrane,i,233,68,46
MT-ND2,150,0.0575413,Asn,Asp,23,intermembrane,i,233,68,46
MT-ND2,193,0.0433026,Val,Ile,29,membrane,i,233,68,46
MT-ND2,237,0.0106866,Leu,Met,15,matrix,i,233,68,46
MT-ND2,265,0.0104061,Ala,Thr,58,membrane,i,233,68,46
MT-ND2,288,0.0132024,Leu,Ile,5,membrane,i,233,68,46
MT-ND2,325,0.0148386,Phe,Leu,22,membrane,i,233,68,46
MT-ND2,331,0.0539826,Ala,Thr,58,membrane,i,233,68,46
MT-ND3,10,0.021211,Asn,Asp,23,membrane,j,61,48,6
MT-ND3,88,0.0189636,Val,Ala,64,membrane,j,61,48,6
MT-ND3,114,0.41848,Thr,Ala,58,matrix,j,61,48,6
MT-ND4,86,0.0187549,Ser,Asn,46,matrix,r,295,85,79
MT-ND4,140,0.021533,Pro,Ser,74,matrix,r,295,85,79
MT-ND5,257,0.127497,Ile,Val,29,membrane,l,391,148,64
MT-ND5,314,0.011681,Met,Val,21,membrane,l,391,148,64
MT-ND5,434,0.0113944,Gln,Arg,43,matrix,l,391,148,64
MT-ND5,458,0.0756374,Ala,Thr,58,membrane,l,391,148,64
MT-ND5,475,0.0149463,Ala,Thr,58,intermembrane,l,391,148,64
MT-ND5,482,0.0184821,Ile,Val,29,membrane,l,391,148,64
MT-ND5,485,0.0528117,Tyr,His,83,membrane,l,391,148,64
MT-ND5,515,0.0235686,Ser,Tyr,144,matrix,l,391,148,64
MT-ND5,517,0.0181486,Leu,Pro,98,matrix,l,391,148,64
MT-ND5,531,0.0269408,Ser,Thr,58,matrix,l,391,148,64
MT-ND5,533,0.0133085,Thr,Met,81,membrane,l,391,148,64
MT-ND5,541,0.0147643,Gly,Ala,60,membrane,l,391,148,64
MT-ND5,544,0.0135387,Thr,Ala,58,membrane,l,391,148,64
MT-ND5,555,0.0270112,Leu,Gln,113,membrane,l,391,148,64
MT-ND5,575,0.013149,Ile,Val,29,membrane,l,391,148,64
MT-ND6,166,0.054355,Ile,Val,29,membrane,m,107,21,46
MT-ND6,119,0.0153467,Asn,Ser,46,intermembrane,m,107,21,46
